,S1D0,S1D1,S1D3,S1D7,S1D14,S1D28,S2D0,S2D1,S2D2,S2D3,S2D14,S2D28,S3D0,S3D1,S3D2,S3D3,S3D7,S3D14,S3D28,S4D0,S4D1,S4D2,S4D3,S4D7,S4D14,S4D28,S5D0,S5D1,S5D2,S5D3,S5D7,S5D14,S5D28,S6D0,S6D1,S6D2,S6D3,S6D7,S6D14,S6D28,S7D0,S7D1,S7D2,S7D3,S7D7,S7D14,S7D28,S8D0,S8D1,S8D2,S8D3,S8D7,S8D14,S9D0,S9D1,S9D2,S9D3,S9D7,S9D14,S9D28,S10D0,S10D1,S10D2,S10D3,S10D28,S11D0,S11D1,S11D2,S11D3,S11D7,S11D14,S11D28,S12D0,S12D3,S12D7,S13D0,S13D1,S13D2,S13D3,S13D7,S13D14,S13D28,S14D0,S14D1,S14D2,S14D3,S14D7,S14D14,S14D28,S15D0,S15D2,S15D3,S15D7,S15D14,S15D28,S16D0,S16D1,S16D2,S16D3,S16D7,S16D14,S16D28,S17D0,S17D1,S17D2,S17D3,S17D7,S17D14,S17D28,S19D0,S19D1,S19D2,S19D3,S19D7,S19D14,S19D28,S20D0,S20D1,S20D2,S20D3,S20D7,S20D14,S20D28,S21D0,S21D1,S21D2,S21D3,S21D7,S21D14,S21D28,S22D0,S22D1,S22D2,S22D3,S22D7,S22D14,S22D28,S23D0,S23D1,S23D2,S23D3,S23D7,S23D14,S23D28,S24D0,S24D1,S24D2,S24D3,S24D7,S24D14,S24D28,S25D0,S25D1,S25D2,S25D3,S25D7,S25D14,S25D28,S26D0,S26D1,S26D2,S26D3,S26D7,S26D14,S26D28,S27D0,S27D1,S27D2,S27D3,S27D7,S27D14,S27D28,S29D0,S29D1,S29D2,S29D3,S29D7,S29D14,S29D28,S30D0,S30D1,S30D2,S30D3,S30D7,S30D14,S30D28,S31D0,S31D1,S31D2,S31D3,S31D7,S31D14,S31D28,S33D0,S33D1,S33D3,S33D7
Unassigned;__,0.0,0.0,0.0,0.0,0.0,0.0,0.0,0.0,0.0,0.0,0.0,0.0,0.0,0.0,0.0,0.0,0.0,0.0,0.0,0.0,0.0,0.0,0.0,0.0,0.0,0.0,0.0,0.0,0.0,0.0,0.0,0.0,0.0,0.0,0.0,0.0,0.0,0.0,0.0,0.0,0.0,0.0,0.0,0.0,0.0,0.0,0.0,0.0,0.0,0.0,0.0,0.0,0.0,0.0,0.0,0.0,0.0,0.0,0.0,0.0,0.0,0.0,9.141081161374361e-05,0.0,0.0,0.00012168766184459026,0.0,0.0,0.0,0.0,0.0,0.0,0.0,0.0,0.0,0.0,0.0,0.0,0.0,0.0,0.0,0.0,0.0,0.0,0.0,0.0,0.0,0.0,0.0,0.0,0.0,0.0,0.0,0.0,0.0,0.0,0.0,0.0,0.0,0.0,0.0,0.0,0.0,0.0,0.0,0.0,0.0,0.0,0.0,0.0,0.0,0.0,0.0,0.0,0.0,0.0,0.0,0.0,0.0,0.0,0.0,0.0,0.0,0.0,0.0,0.0,0.0,0.0,0.0,0.0,0.0,0.0,0.0,0.0,0.0,0.0,0.0,0.0,0.0,0.0,0.0,0.0,0.0,0.0,0.0,0.0,0.0,0.0,0.0,0.0,0.0,0.0,0.0,0.0,0.0,0.0,0.0,0.0,0.0,0.0,0.0,0.0,0.0,0.0,0.0,0.0,0.0,0.0,0.0,0.0,0.0,0.0,0.0,0.0,0.0,0.0,0.0,0.0,0.0,0.0,0.0,0.0,0.0,0.0,0.0,0.0,0.0,0.0,0.0,0.0,0.0,0.0,0.0,0.0,0.0,0.0,0.0
d__Archaea;p__Aenigmarchaeota,0.0,0.0,0.0,0.0,0.0,0.0,0.0,0.0,0.0,0.0,0.0,0.0,0.0,0.0,0.0,0.0,0.0,0.0,0.0,0.0,0.0,0.0,0.0,0.0,0.0,0.0,0.0,0.0,0.0,0.0,0.0,0.0,0.0,0.0,0.0,0.0,0.0,0.0,0.0,0.0,0.0,0.0,0.0,0.0,0.0,0.0,0.0,0.0,0.0,0.0,0.0,0.0,0.0,0.0,0.0,0.0,0.0,0.0,0.0,0.0,0.0,0.0,0.0,0.0,0.0,0.0,0.0,0.0,0.0,0.0,0.0,0.0,0.0,0.0,0.0,0.0,0.0,0.0,0.0,0.0,0.0,0.0,0.0,0.0,0.0,0.0,0.0,0.0,0.0,0.0,0.0,0.0,0.0,0.0,0.0,0.0,0.0,3.457067542457111e-05,0.0,0.0,0.0,0.0,0.0,0.0,0.0,0.0,0.0,0.0,0.0,0.0,0.0,0.0,0.0,0.0,0.0,0.0,0.0,0.0,0.0,0.0,0.0,0.0,0.0,0.0,0.0,0.0,0.0,0.0,0.0,0.0,0.0,0.0,0.0,0.0,0.0,0.0,0.0,0.0,0.0,0.0,0.0,0.0,0.0,0.0,0.0,0.0,0.0,0.0,0.0,0.0,0.0,0.0,0.0,0.0,0.0,0.0,0.0,0.0,0.0,0.0,0.0,0.0,0.0,0.0,0.0,0.0,0.0,0.0,0.0,0.0,0.0,0.0,0.0,0.0,0.0,0.0,0.0,0.0,0.0,0.0,0.0,0.0,0.0,0.0,0.0,0.0,0.0,0.0,0.0,0.0,0.0,0.0,0.0,0.0,0.0,0.0,0.0
d__Archaea;p__Crenarchaeota,0.0,0.0,0.0,0.0,0.0,0.0,0.0,0.0,0.0,0.0,0.0,0.0,0.0,0.0,0.0,0.0,0.0,0.0,0.0,0.0,0.0,0.0,0.0,0.0,0.0,0.0,0.0,0.0,0.0,0.0,0.0,0.0,0.0,0.0,0.0,0.0,0.0,0.0,0.0,0.0,0.0,0.0,0.0,0.0,0.0,0.0,0.0,0.0,0.0,0.0,0.0,0.0,0.0,0.0,0.0,0.0,0.0,0.0,0.0,0.0,0.0,0.0,0.0,0.0,0.0,0.0,0.0,0.0,0.0,0.0,0.0,0.0,0.0,0.0,0.0,0.0,0.0,0.0,0.0,0.0,0.0,0.0,0.0,0.0,0.0,0.0,0.0,0.0,0.0,0.0,0.0,0.0,0.0,0.0,0.0,0.0,0.0,0.0,0.0,0.0,0.0,0.0,0.0,0.0,0.0,0.0,0.0,0.0,0.0,0.0,0.0,0.0,0.0,0.0,0.0,3.375043242741548e-05,0.0,0.0,0.0,0.0,0.0,0.0,0.0,0.0,0.0,0.0,0.0,0.0,0.0,0.0,0.0,0.0,0.0,0.0,0.0,0.0,0.0,0.0,0.0,0.0,0.0,0.0,0.0,0.0,0.0,0.0,0.0,0.0,0.0,0.0,0.0,0.0,0.0,0.0,6.717664939666972e-05,0.0,0.0,0.0,0.0,0.0,0.0,0.0,0.0,0.0,0.0,0.0,0.0,0.0,0.0,0.0,0.0,0.0,0.0,0.0,0.0,0.0,0.0,0.0,0.0,0.0,0.0,0.0,1.7279364119400404e-05,0.0,0.0,0.0,0.0,0.0,0.0,0.0,0.0,0.0,0.0,0.0,0.0,0.0,0.0
d__Archaea;p__Euryarchaeota,0.0,0.0,0.0,0.0,0.0,0.0,0.0,0.0,0.0,0.0,0.0,0.0,0.0,0.0,0.0,0.0,0.0,0.0,0.0,0.0,0.0,0.0,0.0,0.0,0.0,0.0,0.0,0.0,0.0,0.0,0.0,0.0,0.0,0.0,0.0,0.0,0.0,0.0,0.0,0.0,0.0,0.0,0.0,0.0,0.0,0.0,0.0,0.0,0.0,0.0,0.0,0.0,0.0,0.0,0.0,0.0,0.0,0.0,0.0,0.0,0.0,0.0,0.0,0.0,0.0,0.0,0.0,0.0,0.0,0.0,0.0,0.0,0.00022887659736791914,0.0,0.0,0.0,0.0,0.0,0.0,0.0,0.0,6.808510638297873e-05,4.663048141309011e-05,0.0,6.77214279063074e-05,0.0,0.0,7.692233728521841e-05,9.736908726217601e-05,0.01752219509228855,0.0005865007086883564,4.720543806646526e-05,0.00018013798569704393,0.00870789577344385,0.007120370522984622,3.5588771742515236e-05,0.0,0.0,0.0,0.0,0.0,8.900439681720277e-05,0.0,0.0,0.0,0.0,0.0,0.0,0.0,0.0,0.0,0.0,0.0,0.0,0.0,0.0,0.0,0.0,0.0,0.0,0.0,0.0,0.0,0.0,0.0,0.0,0.0,0.0,0.0,0.0,0.0,0.0,0.0,0.0,0.0,0.0,0.0,0.0,0.0,2.3495320515330698e-05,4.878009121877058e-05,0.0,6.458644491987244e-05,0.0,5.68397120121258e-05,3.549371761198268e-05,4.3044447696691605e-05,0.0,0.0,0.0,6.250502272504041e-05,0.00046215419312499423,0.008595370894295799,0.0015298445076074236,0.007985624197029112,0.0001351546168817127,0.001536583137453591,0.0002733831762370589,0.0,0.0,0.0,0.0,0.0,0.0,0.0,0.0,5.253940455341506e-05,4.264465065502183e-05,6.528622569448223e-05,0.0,0.0,0.0,0.0,0.0,0.0,0.0,0.0,0.0,0.0,0.0,0.0,0.0,0.0,0.0,0.0,0.0,0.0,0.0,0.0,0.0,0.0,0.0,4.038690656489166e-05,0.001508581932982996,0.002548871368398315,0.0015002586652871186,0.0005426230397742688
d__Bacteria;__,0.0,8.57320444949311e-05,0.0,0.0,0.0,2.1923814743765414e-05,4.432231185178619e-05,2.1946910423685107e-05,0.0,6.131852344995532e-05,0.0,0.00017088690302670862,2.4159841511439684e-05,0.00019798794748369694,2.9921903831001087e-05,0.0,0.0,0.0,0.0,0.0,6.072087826678325e-05,2.039692414383911e-05,3.158393430541664e-05,3.0501133625466413e-05,4.3783795617242055e-05,5.963882726210072e-05,2.5106388320508154e-05,1.5552825170692256e-05,0.0,0.0,0.0,0.0,0.0,0.0,2.3149487817582035e-05,5.545132759720156e-05,0.0,2.1294038733856457e-05,2.046475457643074e-05,5.3564732979806093e-05,0.0,0.0,0.0,0.0,0.0,0.0,0.0,0.0,0.0,0.0,0.0,0.0,0.0,0.0,0.0,0.0,0.0,0.0,0.0,2.700829154550447e-05,0.0,0.0,0.0,0.0,1.7839303553589267e-05,0.0,0.0,0.0,0.0,5.6986551173922956e-05,0.0,0.0,0.0,1.6101244626209606e-05,1.6549578399490274e-05,0.0,0.0,0.0,0.0,0.0,0.0,0.0,0.0,0.0,0.0,0.0,0.0,1.9230584321304603e-05,1.94738174524352e-05,0.0,0.0,0.0,1.8013798569704394e-05,0.0,3.2964678347151025e-05,0.0,0.0,4.3213344280713883e-05,0.0,0.0,0.0,7.120351745376221e-05,0.0,0.0,0.0,0.0,0.0,0.0,0.0,0.0,0.0,0.0,0.0,0.0,0.0,0.0,0.0,0.0,0.0,0.0,0.0,0.0,0.0,0.0,0.0,0.0,1.5855775862752405e-05,0.0,0.0,0.0,0.0,0.0,0.0,0.0,0.0,0.0,0.0,0.0,0.0,0.0,0.0,0.0,1.614661122996811e-05,1.7954933117874135e-05,0.0,1.774685880599134e-05,0.0,0.0,0.0,0.0,0.0,0.0,0.0,0.0,0.0,0.0,0.0,0.0,0.0,0.0,0.0,4.3467299550548126e-05,0.0,0.0,0.0,0.0,2.626970227670753e-05,0.0,0.0,0.0,0.0,0.0,0.0,1.706353607658115e-05,2.488717812582957e-05,0.0,0.0,0.0,0.0,1.6302708695049684e-05,0.0,0.0,0.0,0.0,0.0,0.0,0.0,0.0,0.0,2.182476893025895e-05,0.0,0.0,2.019345328244583e-05,0.0,0.0,0.0,0.0
d__Bacteria;p__Abditibacteriota,0.0,0.0,0.0,0.0,0.0,0.0,0.0,0.0,0.0,0.0,0.0,0.0,0.0,0.0,0.0,0.0,0.0,0.0,0.0,0.0,0.0,0.0,0.0,0.0,0.0,0.0,0.0,0.0,0.0,0.0,0.0,0.0,0.0,0.0,0.0,0.0,0.0,0.0,0.0,0.0,0.0,0.0,0.0,0.0,0.0,0.0,0.0,0.0,0.0,0.0,0.0,0.0,0.0,0.0,0.0,0.0,0.0,0.0,0.0,0.0,0.0,0.0,0.0,0.0,1.7839303553589267e-05,0.0,0.0,0.0,0.0,0.0,0.0,0.0,0.0,0.0,0.0,0.0,0.0,0.0,0.0,0.0,0.0,0.0,0.0,0.0,0.0,0.0,0.0,0.0,0.0,0.0,0.0,0.0,0.0,0.0,0.0,0.0,0.0,0.0,0.0,0.0,0.0,0.0,0.0,0.0,0.0,0.0,0.0,0.0,0.0,0.0,0.0,0.0,0.0,0.0,0.0,0.0,0.0,0.0,0.0,0.0,0.0,0.0,0.0,0.0,0.0,0.0,0.0,0.0,0.0,0.0,0.0,0.0,0.0,0.0,0.0,0.0,0.0,0.0,0.0,0.0,0.0,0.0,0.0,0.0,0.0,0.0,0.0,0.0,0.0,0.0,0.0,0.0,0.0,0.0,0.0,0.0,0.0,0.0,0.0,0.0,0.0,0.0,0.0,0.0,0.0,0.0,0.0,0.0,0.0,0.0,0.0,0.0,0.0,0.0,0.0,0.0,0.0,0.0,0.0,0.0,0.0,0.0,0.0,0.0,0.0,0.0,0.0,0.0,0.0,0.0,0.0,0.0,0.0,0.0,0.0,0.0,0.0
d__Bacteria;p__Acidobacteriota,0.0,0.0,0.0,0.0,0.0,0.0,0.0,0.0,0.0,0.0,0.0,0.0,0.0,0.0,0.0,0.0,0.0,0.0,0.0,0.0,0.0,0.0,0.0,0.0,0.0,0.0,0.0,0.0,0.0,0.0,0.0,0.0,0.0,0.0,0.0,0.0,0.0,0.0,0.0,0.0,0.0,0.0,1.5644188575049085e-05,0.0,0.0,0.0,0.0,0.0,0.0,0.0,0.0,0.0,0.0,0.0,0.0,0.0,0.0,0.0,0.0,0.0004321326647280715,0.0,0.0,0.0,0.0,7.135721421435707e-05,0.0,0.0,0.0,0.0,2.4422807645966982e-05,0.0,2.988345452734336e-05,0.0,0.0,0.00017377057319464787,0.0,0.0,0.0,0.0,0.0,0.0,5.9574468085106384e-05,0.0,0.00010533522936746195,0.0,0.00028338342636324604,9.970631956781843e-05,0.0,0.0,1.871029908413086e-05,4.8875059057363026e-05,5.50730110775428e-05,0.0,0.0,1.6482339173575513e-05,0.0,5.026893882270145e-05,0.00026792273454042607,3.9108635968994676e-05,3.8214613268113725e-05,0.0,3.560175872688111e-05,0.0,0.0,0.0,0.0,0.0,0.0,0.0,0.0,0.0,0.0,0.0,0.0,0.0,0.0,0.0,0.0,0.0,0.0,0.0,0.0,0.0,0.0,0.0,0.0,0.0,0.0,0.0,0.0,0.0,0.0,0.0,0.0,0.0,0.0,0.0,0.0,0.0,0.0,0.0,0.0,4.843983368990433e-05,0.0,0.0,9.760772343295237e-05,0.0,0.0,0.0,2.469826947458548e-05,0.0,0.0,0.0,0.0,1.679416234916743e-05,0.0,0.0,0.0,0.0,0.0,2.7029218585290698e-05,0.0,0.0,0.0,0.0,0.0,0.0,5.11735807860262e-05,0.0001958586770834467,0.0,0.0,0.0,0.0,0.0,0.0,0.0,0.0,0.0,0.0,2.4454063042574524e-05,0.0,0.0,0.0,0.0,0.0,0.0,0.0,0.0,0.0,0.0,0.0,0.0,0.0,0.0,0.003682903121287396,0.0,0.0
d__Bacteria;p__Actinobacteriota,0.25739107883817425,0.1137235570225261,0.025504390374689993,0.24419315006174044,0.3259511576850825,0.38335982460948204,0.39488963744348904,0.4936299092495254,0.02826320413941228,0.015758860526638517,0.5612214988053259,0.16951980780249495,0.02989780387040661,0.018276762402088774,0.019259732099221032,0.01304220239324414,0.054386333057657416,0.04672471022407924,0.09213186911398344,0.07268812687076616,0.11560040804430195,0.08900197850164195,0.027678054429646787,0.03461878666490438,0.11647584229076818,0.06926453398220378,0.29418410514555426,0.01860117890414794,0.06057716755657259,0.101942406340188,0.497996782232878,0.3381785964638991,0.25835724047921,0.10248732341464432,0.297922333468372,0.016043917451456984,0.014987169081175034,0.3646923543753926,0.3807569912717822,0.19148320745621084,0.06429825320979587,0.07216842547067993,0.049967538308706774,0.028211734777078373,0.12598890606529053,0.20337592310397373,0.12127538257798705,0.06936091664610962,0.14709946872216934,0.19586780439208212,0.058672354280029544,0.1272748809151134,0.15662563067608476,0.09031888940982018,0.09693411913932588,0.05377125417817178,0.011115278038210722,0.02231066291168485,0.09231420925931666,0.11607263429872972,0.13170427674930893,0.06112993224392188,0.06411325799558942,0.03397575064071917,0.13091372912801486,0.010022195829520453,0.011342430338725387,0.014621409921671017,0.0076629188953171055,0.007261714806734182,0.031103436095684767,0.02323936647076402,0.029935151630745758,0.017558407264881577,0.027455750564754362,0.0075960443240878335,0.06567706612545429,0.010952086602317215,0.011885343467028752,0.01866697470255285,0.06904821117703486,0.07293617021276595,0.11833883573014008,0.14197433331577747,0.031668232724687,0.016316015457277802,0.11178891265726405,0.1176430995855809,0.1487702284278787,0.1013443349891948,0.011697430801062218,0.02173810422960725,0.10750634986399582,0.04786409313006529,0.18278914143495245,0.07922060589883892,0.12507749794735165,0.011598461604943607,0.009972702172093641,0.08118694588810761,0.028416425356731674,0.025926980792851165,0.16857589786534785,0.05815238224086225,0.08174591270436478,0.07364237077784859,0.10108000419419104,0.18464165433886248,0.29932494270226295,0.08578953969647561,0.037880371007410506,0.003563765136623501,0.017366720516962843,0.15785289675213976,0.06758658087965881,0.1407814912628568,0.002066474216396132,0.006720033083239795,0.0019362137231867032,0.002494796011444877,0.12761882241664696,0.009023925172043095,0.10085997157516922,0.004595733891160344,0.0027156322528695707,0.0005020040944708955,0.0012288226293633113,0.08620870308130023,0.01754987905508569,0.01258347978910369,0.22424342240704903,0.06785377964215393,0.0032260696089410333,0.04920427524529098,0.002947004725369646,0.10054682621390357,0.12039118126447627,0.1084590661163434,0.052658236396481574,0.05390609703567373,0.025349387403354445,0.18556701030927836,0.08648932305332419,0.12869198312236288,0.08008715422508526,0.07190139845247391,0.015194690036932136,0.021867841125415417,0.05429749611224686,0.1523224606062602,0.20841853363216686,0.10710885579864866,0.11671561627102812,0.054923925764922256,0.05033210456045479,0.1171249909896922,0.1119296992449978,0.07102019469636638,0.030337368488935566,0.027753663220477204,0.02054220612482093,0.027358318337114988,0.11466483123943613,0.04591907901466472,0.04679291624837965,0.11597891457140787,0.1228108581436077,0.13037322598253276,0.07725536707180397,0.07531984453970743,0.23862379618492538,0.22128634124839494,0.07632176794860311,0.07790357395763124,0.07459516856915317,0.07561100009197401,0.09619475775699433,0.19314878236040062,0.11891816534225567,0.32214967516852927,0.21809335590276238,0.053573238722757224,0.04219620717957579,0.1295051826159565,0.17853501095062024,0.18164613642892144,0.07206946454413893,0.1483747814607343,0.04346033694586696,0.03728761771734742,0.06608817288428939,0.1022382657353603,0.08368167040245553,0.07056367015005895,0.13666702667674696,0.09712881531298499,0.10279450865483748
d__Bacteria;p__Armatimonadota,0.0,0.0,0.0,0.0,0.0,0.0,0.0,0.0,0.0,0.0,0.0,0.0,0.0,0.0,0.0,0.0,0.0,0.0,0.0,0.0,0.0,0.0,0.0,0.0,0.0,0.0,0.0,0.0,0.0,0.0,0.0,0.0,0.0,0.0,0.0,0.0,0.0,0.0,0.0,0.0,0.0,0.0,0.0,0.0,0.0,0.0,0.0,0.0,0.0,0.0,0.0,0.0,0.0,0.0,0.0,0.0,0.0,0.0,0.0,0.0,0.0,0.0,0.0,0.0,0.0,0.0,0.0,0.0,0.0,0.0,0.0,0.0,0.0,0.0,2.482436759923541e-05,0.0,0.0,0.0,0.0,0.0,0.0,0.0,0.0,0.0,0.0,0.0,0.0,0.0,0.0,0.0,0.0,0.0,0.0,0.0,0.0,0.0,0.0,1.7285337712285553e-05,0.0,0.0,0.0,0.0,0.0,0.0,0.0,0.0,0.0,0.0,0.0,0.0,0.0,0.0,0.0,0.0,0.0,0.0,0.0,0.0,0.0,0.0,0.0,0.0,0.0,0.0,0.0,0.0,0.0,0.0,0.0,0.0,0.0,0.0,0.0,0.0,0.0,0.0,0.0,0.0,0.0,0.0,0.0,0.0,0.0,0.0,0.0,3.549371761198268e-05,0.0,0.0,0.0,0.0,0.0,0.0,1.7963157563836572e-05,0.0,0.0,0.0,0.0,0.0,0.0,0.0,0.0,0.0,0.0,0.0,0.0,0.0,0.0,0.0,0.0,0.0,0.0,0.0,0.0,0.0,0.0,0.0,0.0,0.0,0.0,0.0,0.0,0.0,0.0,0.0,0.0,0.0,0.0,0.0,0.0,0.0,0.0,0.0,0.0,0.0,0.0,0.0,0.0
d__Bacteria;p__Bacteroidota,0.04411071293851377,0.29772595751977193,0.02009182921107313,0.04059270813023981,0.03781997600887219,0.019413537955604274,0.017695683006825638,0.017480714152465188,0.008648182498616942,0.3877345433521961,0.043781032660348364,0.4430494265236578,0.22652267401125847,0.2598963038125054,0.28055774428740987,0.31747981175754547,0.15866589312826337,0.1977899615046078,0.1560555450046362,0.16654938822664497,0.09369231516564655,0.29059497827727576,0.6094646523135232,0.3910143660339376,0.23877492939862957,0.216357737541449,0.03334128368963483,0.03923977790565656,0.2754385964912281,0.054345760994454144,0.018139373481813305,0.01563595295583768,0.07153674723272221,0.23798593577196753,0.060211817813530875,0.0440653216639095,0.04617491042952833,0.15552101189272063,0.04575919123289914,0.05992822325780706,0.22470539151244165,0.2657467921813167,0.237447494192095,0.3823016209516976,0.14979085205055925,0.09450240300082054,0.21928340200117716,0.19140176422051905,0.20688357952277125,0.22561939619699398,0.4308141024674796,0.14921357440795988,0.13738042381432897,0.21185127500139062,0.23509984995436756,0.29594535677953787,0.35189699356209764,0.30691917233005617,0.1495934455361663,0.27034399560665123,0.05323932002112445,0.25420486249501795,0.29718226173200635,0.4503217311565863,0.11845297559583273,0.12714413660170168,0.25285608950142463,0.24501456843379876,0.3260852163155405,0.32571884463837963,0.0984516964618615,0.17209881462297041,0.23200457753194736,0.40750640024473894,0.1747304487418183,0.33115585091537236,0.061303314925819294,0.040892016547002044,0.2528721443875257,0.1704901621038851,0.09302057057590507,0.14834893617021278,0.29878947270251616,0.1777005319429083,0.4132022923703346,0.517303563761271,0.20910228055545485,0.22087287622234403,0.22998578411325973,0.1481575032976902,0.45299033902999297,0.3012257678751259,0.3387765028011457,0.3519783434045442,0.18702510260256136,0.16385960229547578,0.09880359925601971,0.11279547124151938,0.20252016050184202,0.09733261999388566,0.14486445940759865,0.11766381259234206,0.11140166537628972,0.22156831796282517,0.15650533262810543,0.29286720558145773,0.1822537324267428,0.13870353466998206,0.07902785491352539,0.038536310046406626,0.03534858300245945,0.27893402157766006,0.3070193861066236,0.08885905328893325,0.11937389163283552,0.1090476471729794,0.3391857145110659,0.2366485496543983,0.6007411275000363,0.5928336984571246,0.4990226215811461,0.3634915528213498,0.284047567428677,0.1801289974961174,0.32507065380425343,0.6509973409470621,0.37486225294719233,0.1452555391670898,0.413305656104716,0.372609841827768,0.20591262815498004,0.25806865850526495,0.24424684253072182,0.34367518523628277,0.425401825787985,0.31368246949418577,0.2493523204941237,0.11668806493584828,0.1866674545423849,0.2019109527352469,0.2803147941886651,0.12538182512409315,0.13299156339563234,0.11414848729688482,0.30312618416066694,0.10321573081564563,0.06567721829561204,0.2862662536701836,0.3394314270238158,0.0898276060790674,0.0705145949228063,0.1513370120807106,0.15886616549457064,0.22524661427854875,0.18358538571992375,0.16633929215021986,0.18601792403465203,0.031153795865970925,0.238553240100971,0.22850954498022608,0.33117099584651005,0.33735840527171407,0.1080869156110056,0.08072570371128077,0.2820830206333272,0.20342728787769002,0.1508493870402802,0.16024153930131005,0.08454566227435448,0.35545695651448683,0.14699258135085608,0.1718315797543073,0.3628317142880408,0.3582830669999744,0.4819485001327316,0.5001881286632831,0.1876429976317585,0.22700804858481208,0.33248756912495936,0.10360371375704074,0.16401534957505073,0.37740327758067244,0.3764136679770185,0.30641263418198167,0.30122629212885377,0.2843226711275578,0.19094066570188134,0.25401398651300533,0.44073215643522634,0.42460087953818787,0.17070308332444256,0.128622018743519,0.0573696007754286,0.37081143724898596,0.1421859812074738,0.3223831695119848,0.5394107113788051
d__Bacteria;p__Bdellovibrionota,0.0,0.0,0.0,0.0,0.0,0.0,0.0,0.0,0.0,0.0,0.0,0.0,0.0,0.0,0.0,0.0,0.0,0.0,0.0,0.0,0.0,0.0,0.0,0.0,0.0,0.0,0.0,0.0,0.0,0.0,0.0,0.0,0.0,0.0,0.0,0.0,0.0,0.0,0.0,0.0,0.0,0.0,0.0,0.0,0.0,0.0,2.7589758681577397e-05,0.0,0.0,0.0,0.0,0.0,0.0,0.0,0.0,0.0,0.0,0.0,0.0,8.10248746365134e-05,0.0,0.0,0.0,0.0,7.135721421435707e-05,0.0,0.0,0.0,0.0,0.0,0.0,0.0,0.0,0.0,0.0001572209947951576,0.0,0.0,0.0,0.0,0.0,1.7763882474153552e-05,0.0,0.0,0.0,1.693035697657685e-05,0.0,8.157789782821508e-05,0.0,0.0,0.0,0.0,0.0,0.0,0.0,0.0,0.0,0.0,7.7784019705285e-05,6.257381755039148e-05,0.0,0.0,1.7800879363440554e-05,0.0,0.0,0.0,0.0,0.0,0.0,0.0,0.0,0.0,0.0,0.0,0.0,0.0,0.0,0.0,0.0,0.0,0.0,0.0,0.0,0.0,0.0,0.0,0.0,0.0,0.0,0.0,0.0,0.0,0.0,0.0,0.0,0.0,0.0,0.0,0.0,0.0,0.0,0.0,0.0,0.0,0.0,0.0,0.0,0.0,0.0,0.0,0.0,0.0,0.0,0.0,0.0,0.0,0.0,0.0,0.0,0.0,0.0,0.0,0.0,0.0,0.0,0.0,0.0,0.0,0.0,0.0,0.0,0.0,0.0,0.0,0.0,0.0,0.0,0.0,0.0,0.0,0.0,0.0,0.0,0.0,0.0,0.0,0.0,0.0,0.0,0.0,0.0,0.0,0.0,0.0,0.0,0.0,0.0,0.0
d__Bacteria;p__Caldatribacteriota,0.0,0.0,0.0,0.0,0.0,0.0,0.0,0.0,0.0,0.0,0.0,0.0,0.0,0.0,0.0,0.0,0.0,0.0,0.0,0.0,0.0,0.0,0.0,0.0,0.0,0.0,0.0,0.0,0.0,0.0,0.0,0.0,0.0,0.0,0.0,0.0,0.0,0.0,0.0,0.0,0.0,0.0,0.0,0.0,0.0,0.0,0.0,0.0,0.0,0.0,0.0,0.0,0.0,0.0,0.0,0.0,0.0,0.0,0.0,0.0,0.0,0.0,0.0,0.0,0.0,0.0,0.0,0.0,0.0,0.0,0.0,0.0,0.0,0.0,0.0,0.0,0.0,0.0,0.0,0.0,0.0,0.0,0.0,0.0,0.0,0.0,0.0,0.0,0.0,0.0,0.0,0.0,0.0,0.0,0.0,0.0,0.0,0.0,0.0,0.0,0.0,0.0,0.0,0.0,0.0,0.0,0.0,0.0,0.0,0.0,0.0,0.0,0.0,0.0,0.0,0.0,0.0,0.0,0.0,0.0,0.0,0.0,0.0,0.0,0.0,0.0,0.0,0.0,0.0,0.0,0.0,0.0,0.0,0.0,0.0,0.0,0.0,0.0,0.0,0.0,0.0,0.0,0.0,0.0,0.0,0.0,0.0,0.0,0.0,0.0,0.0,0.0,0.0,1.6719612104999164e-05,1.679416234916743e-05,0.0,0.0,0.0,0.0,0.0,0.0,0.0,0.0,0.0,0.0,0.0,0.0,0.0,0.0,0.0,0.0,0.0,0.0,0.0,0.0,0.0,0.0,0.0,0.0,0.0,0.0,0.0,0.0,0.0,0.0,0.0,0.0,0.0,0.0,0.0,0.0,0.0,0.0,0.0,0.0,0.0,0.0
d__Bacteria;p__Campilobacterota,0.0,0.0,0.0,0.0,0.0,0.0,0.0,0.0,0.0,0.0,0.0,0.0,0.0,0.0,0.0,0.0,0.0,0.0,0.0,0.0,0.0,0.0,0.0,0.0,0.0,0.0,0.0,0.0,0.0,0.0,0.0,0.0,0.0,0.0,0.0,0.0,0.0,0.0,0.0,0.0,0.0,0.0,0.0,0.0,0.0,0.0,0.0,0.0,0.0,0.0,0.0,0.0,2.4217961654894048e-05,0.0,0.0,0.0,0.0,0.0,0.0,0.0,0.00017127931374088295,0.0,5.7131757258589757e-05,0.0,0.0,0.00024337532368918051,1.8206148216252627e-05,0.0,0.0,0.0,0.0,0.0,0.0,0.0,0.0,0.0,0.0,0.0,0.0,0.0,0.0,0.0,0.0,0.0,0.0,0.0,0.0,0.0,0.0,0.0,0.0,0.0,0.0,0.0,0.0,0.0,0.0,0.0,0.0,0.0,0.0,0.0,0.0,0.0,0.0,0.0,0.0,0.0,0.0,0.0,0.0,0.0,0.0,0.0,0.0,0.0,0.0,0.0,0.0,0.0,0.0,0.0,0.0,0.0,0.0,0.0,0.0,0.0,0.0,0.0,0.0,0.0,0.0,0.0,0.0,0.0,0.0,0.0,0.0,0.0,0.0,0.0,0.0,0.0,0.0,0.0,0.0,0.0,0.0,1.646551298305699e-05,0.0,0.0,0.0,0.0,0.0,0.0,0.0,0.0,0.0,0.0,0.0,0.0,0.0,0.0,0.0,0.0,0.0,0.0,0.0,0.0,0.0,0.0,0.0,0.0,0.0,0.0,0.0,0.0,0.0,1.6302708695049684e-05,0.0,0.0,0.0,0.0,0.0,0.0,0.0,0.0,0.0,0.0,0.0,0.0,0.0,0.0,0.0,0.0,0.0
d__Bacteria;p__Chloroflexi,0.0,0.0,0.0,0.0,0.0,0.0,0.0,0.0,0.0,0.0,0.0,0.0,0.0,0.0,0.0,0.0,0.0,0.0,0.0,0.0,0.0,0.0,0.0,0.0,0.0,0.0,0.0,0.0,0.0,0.0,0.0,0.0,0.0,0.0,0.0,0.0,0.0,0.0,0.0,0.0,0.0,0.0,0.0,0.0,0.0,0.0,0.0,0.0,0.0,0.0,0.0,0.0,0.0,0.0,0.0,0.0,0.0,0.0,0.0,0.0,0.0,0.0,0.0,0.0,5.3517910660767806e-05,0.0,0.0,0.0,0.0,0.0,0.0,0.0,0.0,0.0,1.6549578399490274e-05,0.0,0.0,0.0,0.0,0.0,0.0,0.0,0.0,0.0,0.0,4.2936882782310004e-05,0.0,0.0,0.0,0.0,4.072921588113585e-05,3.147029204431017e-05,0.0,0.0,0.0,0.0,0.0,8.642668856142777e-05,1.564345438759787e-05,0.0,0.0,0.0,0.0,0.0,0.0,0.0,0.0,0.0,0.0,0.0,0.0,0.0,0.0,0.0,0.0,0.0,0.0,0.0,0.0,0.0,0.0,0.0,0.0,0.0,0.0,0.0,0.0,0.0,0.0,0.0,0.0,0.0,0.0,0.0,0.0,0.0,0.0,0.0,0.0,0.0,0.0,0.0,0.0,0.0,0.0,0.00018634201746290906,0.0,0.0,0.0,0.0,0.0,0.0,0.0,0.0,0.0,0.0,0.0,0.0,0.0,0.0,0.0,0.0,0.0,0.0,0.0,0.0,0.0,0.0,0.0,0.0,0.0,0.0,0.0,1.706353607658115e-05,0.0,0.0,0.0,0.0,0.0,0.0,0.0,0.0,0.0,0.0,0.0,0.0,0.0,0.0,0.0,0.0,0.0,0.0,0.0,0.0,4.320120963386975e-05,3.448870494912916e-05,0.0
d__Bacteria;p__Coprothermobacterota,0.0,0.0,0.0,0.0,0.0,0.0,0.0,0.0,0.0,0.0,0.0,0.0,0.0,0.0,0.0,0.0,0.0,0.0,0.0,0.0,0.0,0.0,0.0,0.0,0.0,0.0,0.0,0.0,0.0,0.0,0.0,0.0,0.0,0.0,0.0,0.0,0.0,0.0,0.0,0.0,0.0,0.0,0.0,0.0,0.0,0.0,0.0,0.0,0.0,0.0,0.0,0.0,0.0,0.0,0.0,0.0,0.0,0.0,0.0,0.0,0.0,0.0,0.0,0.0,0.0,0.0,0.0,0.0,0.0,0.0,0.0,0.0,0.0,0.0,0.0,0.0,0.0,0.0,0.0,0.0,0.0,0.0,0.0,0.0,0.0,0.0,0.0,0.0,0.0,0.0,0.0,0.0,0.0,0.0,0.0,0.0,0.0,0.0,0.0,0.0,0.0,0.0,0.0,0.0,0.0,0.0,0.0,0.0,0.0,0.0,0.0,0.0,0.0,0.0,0.0,0.0,0.0,0.0,0.0,0.0,0.0,0.0,0.0,0.0,0.0,0.0,0.0,0.0,0.0,0.0,0.0,0.0,0.0,0.0,0.0,0.0,0.0,0.0,0.0,0.0,0.0,0.0,0.0,0.0,0.0,9.760772343295237e-05,0.0,0.0,0.0,0.0,0.0,0.0,2.6944736345754856e-05,0.0,2.5191243523751145e-05,0.0,0.0,0.0,0.0,0.0,0.0,0.0,0.0,0.0,0.0,0.0,0.0,0.0,0.0,0.0,0.0,0.0,3.2570902783997916e-05,0.0,0.0,0.0,0.0,0.0,0.0,0.0,0.0,0.0,0.0,0.0,0.0,0.0,0.0,0.0,0.0,0.0,0.0,0.0,0.0,0.0,0.0,0.0,0.0
d__Bacteria;p__Cyanobacteria,0.0,0.0,0.0,0.0,0.0,0.0,0.0,0.0,0.0,0.0,0.0,0.0,0.0,0.0,0.0,0.0,0.0,0.0,0.0,0.0,0.0,0.0,0.0,0.0,0.0,0.0,0.0,0.0,0.0,0.0,0.0,0.0,0.0,0.0,0.0,0.0,0.0,0.0,0.0,0.0,0.0,0.0,0.0,0.0,0.0,0.0,0.0,0.0,0.0,0.0,0.0,0.0,0.0,0.0,0.0,0.0,0.0,0.0,0.0,0.0,0.0,0.0,0.0,0.0,0.0,5.841007768540332e-05,0.0,0.0,0.0,0.0,0.0,0.0,0.0,0.0,0.0,0.0,0.0,0.0,0.0,0.0,0.0,0.0,0.0,0.0,0.0,0.0,0.0,0.0,0.0,0.0,0.0,0.0,0.0,0.0,0.0,0.0,3.351262588180097e-05,0.0,0.00017207799826357656,0.0,3.4888183372291806e-05,0.00041832066504085303,0.0,0.0,0.0,0.0,0.0,0.0,0.0,0.0,0.0,0.0,0.0,0.0,0.0,0.0,0.0,0.0,0.0,0.0,0.0,0.0,3.211845285412602e-05,0.0,0.0,0.0,0.0,0.0,0.0,0.0,0.0,0.0,0.0,0.0,0.0,0.0,0.0,6.0317268834067196e-05,0.0,0.0,0.0,0.0,0.0,0.00024239159709130083,8.525956801818871e-05,0.00013310144104493506,0.0,6.453070048075372e-05,0.0,0.0,0.0,6.47015870374992e-05,0.0,0.0,6.717664939666972e-05,0.00010812369350537015,4.152927398523219e-05,0.0,6.448878816354357e-05,0.0001403028788396952,0.0,0.0,0.0,0.0,0.0,0.00025360481124556193,0.0001838879159369527,0.0004435043668122271,0.000859601971644016,0.0002668846224416607,0.0003551910362698483,7.665919239540812e-05,0.0004152790104959734,0.0004265884019145288,0.00030694186355189804,3.344509569478006e-05,0.0,0.0,0.0,2.4454063042574524e-05,0.0,5.0684237202230105e-05,0.0,0.0,0.0,0.0,0.0,0.0,0.0,0.0001745981514420716,0.00011854380786419621,0.00010760892958462953,8.077381312978332e-05,0.0,3.2400907225402314e-05,0.0,0.0
d__Bacteria;p__Deferribacterota,0.0,0.0,0.0,0.0,0.0,0.0,0.0,0.0,0.0,0.0,0.0,0.0,0.0,0.0,0.0,0.0,0.0,0.0,0.0,0.0,0.0,0.0,0.0,0.0,0.0,0.0,0.0,0.0,0.0,0.0,0.0,0.0,0.0,0.0,0.0,0.0,0.0,0.0,0.0,0.0,0.0,0.0,0.0,0.0,0.0,0.0,0.0,0.0,0.0,0.0,0.0,0.0,0.0,0.0,0.0,0.0,0.0,0.0,0.0,0.0,0.0,0.0,0.0,0.0,0.0,0.0,0.0,0.0,0.0,0.0,0.0,0.0,0.0,0.0,0.0,0.0,0.0,0.0,0.0,0.0,0.0,0.0,0.0,0.0,0.0,0.0,0.0,0.0,0.0,0.0,0.0,0.0,0.0,0.0,0.0,0.0,0.0,0.0,0.0,0.0,0.0,0.0,0.0,0.0,0.0,0.0,0.0,0.0,0.0,0.0,0.0,0.0,0.0,0.0,0.0,0.0,0.0,0.0,0.0,0.0,0.0,0.0,0.0,0.0,0.0,0.0,0.0,0.0,0.0,0.0,0.0,0.0,0.0,0.0,0.0,0.0,0.0,0.0,0.0,0.0,0.0,0.0,0.0,0.0,0.0,0.0,0.0,0.0,0.0,0.0,0.0,0.0,1.7963157563836572e-05,0.0,0.0,0.0,0.0,0.0,0.0,0.0,0.0,0.0,0.0,0.0,0.0,0.0,0.0,0.0,0.0,0.0,0.0,0.0,0.0,0.0,0.0,0.0,0.0,0.0,0.0,0.0,0.0,0.0,0.0,0.0,0.0,0.0,0.0,0.0,0.0,0.0,0.0,0.0,0.0,0.0,0.0,0.0,0.0
d__Bacteria;p__Dependentiae,0.0,0.0,0.0,0.0,0.0,0.0,0.0,0.0,0.0,0.0,0.0,0.0,0.0,0.0,0.0,0.0,0.0,0.0,0.0,0.0,0.0,0.0,0.0,0.0,0.0,0.0,0.0,0.0,0.0,0.0,0.0,0.0,0.0,0.0,0.0,0.0,0.0,0.0,0.0,0.0,0.0,0.0,0.0,0.0,0.0,0.0,0.0,0.0,0.0,0.0,0.0,0.0,0.0,0.0,0.0,0.0,0.0,0.0,0.0,0.0,0.0,0.0,0.0,0.0,0.0,0.0,0.0,0.0,0.0,0.0,0.0,0.0,0.0,1.6101244626209606e-05,0.0,0.0,0.0,0.0,0.0,0.0,0.0,0.0,0.0,0.0,0.0,0.0,0.0,0.0,0.0,0.0,0.0,0.0,0.0,0.0,0.0,0.0,0.0,0.0,0.0,0.0,0.0,0.0,0.0,0.0,0.0,0.0,0.0,0.0,0.0,0.0,0.0,0.0,0.0,0.0,0.0,0.0,0.0,0.0,0.0,0.0,0.0,0.0,0.0,0.0,0.0,0.0,0.0,0.0,0.0,0.0,0.0,0.0,0.0,0.0,0.0,0.0,0.0,0.0,0.0,0.0,0.0,0.0,0.0,0.0,0.0,2.662028820898701e-05,0.0,0.0,0.0,0.0,0.0,0.0,0.0,0.0,0.0,0.0,0.0,0.0,0.0,0.0,0.0,0.0,0.0,0.0,0.0,0.0,0.0,0.0,0.0,0.0,0.0,0.0,0.0,0.0,0.0,0.0,0.0,0.0,0.0,0.0,0.0,0.0,0.0,0.0,0.0,0.0,0.0,0.0,0.0,0.0,0.0,0.0,0.0,0.0,0.0,0.0,0.0
d__Bacteria;p__Desulfobacterota,0.003324217276499434,0.011938187195919155,0.0006283933239493263,0.006434002729576916,0.006835208111717176,0.0032776103041929298,0.0005761900540732205,0.001108318976396098,0.0010576328549578573,0.0006569841798209499,0.0008971159055985362,0.0006734954413405575,0.00531516513251673,0.005952012671228639,0.0019349497810714036,0.0020867523829190622,0.004394356461308679,0.004411593157788689,0.0009272396188263158,0.002069001732920233,0.002222384144564267,0.0018969139453770371,0.003021529715218192,0.0016470612157751864,0.0015871625911250246,0.0030415801903671364,0.000652766096333212,0.0006532186571690748,0.006064073226544622,0.0001176119348972705,0.0002523738919208808,0.0004478541942518888,0.0026964798010268784,0.000751205058114058,0.0009491290005208635,0.00044361062077761246,0.0005083175508932451,0.0029705184033729758,0.0007981254284807989,0.0016176549359901442,0.0007478371761668228,0.0017088379901666866,0.002643867869183295,0.002747790352565148,0.001098784516989482,0.0012034540694721213,0.000689743967039435,0.0008166112335082809,0.0007523876792678807,0.0006009875687616407,0.003919026875480458,0.0008968382222297429,0.0011301715438950554,0.000699284028511717,0.000819836960725169,0.0014435886256842514,0.0014584244848636374,0.0007757297762188232,0.00047526061845870913,0.000441135428576573,0.0005185956999376733,0.00039856516540454366,0.00039420912508426935,0.0015518335932785227,0.00040138432995575853,0.001723097291719398,0.001274430375137684,0.0012260188443637189,0.001579158024960885,0.0016770327916897326,0.0004611550462136227,0.0005080187269648371,0.0014781613580011443,0.0023185792261741834,0.0018866519375418912,0.0021271941404098996,0.0011249036358773462,0.0008400297972833753,0.0006700935485861908,0.0004851565207346656,0.001030305183500906,0.0016595744680851063,0.0006621528360658796,0.00031600568810238584,0.0005671669587153245,0.0005581794761700301,0.0005347884413182989,0.0005865328217997904,0.0007107943370138848,0.004004004004004004,0.0028266075821508285,0.0019354229607250755,0.003584745915371174,0.005824819598213163,0.004079378945459939,0.0005872147337515014,0.00016756312940900486,0.00016421070826671275,0.00014861281668217976,0.0003630388260470804,0.0006628754840735443,0.0018779927728429784,0.0008927301742798906,0.0008267755003870812,0.0012630947399998422,0.0017022775299366049,0.0014115066018180204,0.0008734380409807686,0.0006492439827598345,0.001606986078013295,0.00017682328923467665,0.0022357937067659017,0.0047415185783521805,0.004151466704353741,0.0014069850947516524,0.0005990701755866247,0.0017588692757875475,0.0035150942281562,0.005301019594192809,0.007258297145797438,0.0026956727358713644,0.002306986087461452,0.0008511390006343395,0.00014262622420842445,0.00011051991726794765,7.843813976107742e-05,0.00013477409483339544,0.0005077737746935222,0.00029164021890171725,0.00022847100175746925,0.00044468234034668753,0.0022258368290386096,0.0017205704581018844,0.0029621574244649857,0.0,0.0006413393866770181,0.0010380029167024105,0.0009047590325110079,0.0010636322196147289,0.0005952147863883776,0.0005528410338127332,0.0006045564464808452,0.0009607233681831025,0.0020289074423197775,0.0033156498673740055,0.0008518492226875843,0.0006628844945290507,0.0013470783725357338,0.0030228372735056175,0.004396291966476216,0.0031163218472913,0.002467903391287469,0.003493834146166213,0.004773449255977261,0.008968082694455407,0.002667051106465797,0.0016445592498151947,0.005871795176569873,0.00026716783667753765,0.00034198826717175704,0.00042345775783622094,0.000834572151370524,0.0010019341685688894,0.0009857072449482504,0.0014327345737370982,0.0006883559162379538,0.0006217162872154115,0.0008528930131004367,0.0024373524259273366,0.0017264099014194926,0.000629656837023822,0.0003928783610264666,0.00026056722227198333,0.0004265884019145288,0.00030694186355189804,0.0004598700658032258,0.0009332477020029703,0.0009316689814615126,0.0016078814071285841,0.0006113515760643631,0.0006735379352517348,0.0004646055076871093,0.0004924618774029115,0.0018948061436680557,0.0011438299683451706,0.00118281205116507,0.0009165460684997588,0.004477824954508153,0.007759465723682402,0.002226126430886413,0.0017070308332444255,0.0014967423842225745,0.0024535045738171683,0.0021279996803005175,0.0010692299384382762,0.0020865666494223143,0.002561180747734549
d__Bacteria;p__Elusimicrobiota,0.0,0.0,0.0,0.0,0.0,0.0,0.0,0.0,0.0,0.0,0.0,0.0,0.0,0.0,0.0,0.0,0.0,0.0,0.0,0.0,0.0,0.0,0.0,0.0,0.0,0.0,0.0,0.0,0.0,0.0,0.0,0.0,0.0,0.0,0.0,0.0,0.0,0.0,0.0,0.0,0.0,0.0,0.0,0.0,0.0,0.0,0.0,0.0,0.0,0.0,0.0,0.0,0.0,0.0,0.0,0.0,0.0,0.0,0.0,0.0,0.0,0.0,0.0,0.0,0.0,0.0,0.0,0.0,0.0,0.0,0.0,0.0,0.0,0.0,0.0,0.0,0.0,0.0,0.0,0.0,0.0,0.0,0.0,0.0,0.0,0.0,0.0,0.0,0.0,0.0,0.0,0.0,0.0,0.0,0.0,0.0,0.0,0.0,2.3465181581396803e-05,0.0,0.0,0.0,0.0,0.0,0.0,0.0,0.0,0.0,0.0,0.0,0.0,0.0,0.0,0.0,0.0,0.0,0.0,0.0,0.0,0.0,0.0,0.0,0.0,0.0,0.0,0.0,0.0,0.0,0.0,0.0,0.0,0.0,0.0,0.0,0.0,0.0,0.0,0.0,0.0,0.0,0.0,0.0,0.0,0.0,0.0,0.0,0.0,0.0,0.0,0.0,0.0,0.0,0.0,0.0,0.0,0.0,0.0,0.0,0.0,0.0,0.0,0.0,0.0,0.0,0.0,0.0,0.0,0.0,0.0,0.0,0.0,0.0,0.0,0.0,0.0,0.0,0.0,0.0,0.0,0.0,0.0,0.0,0.0,0.0,0.0,0.0,0.0,0.0,0.0,0.0,0.0,0.0,0.0,0.0,0.000172804838535479,0.0,0.0
d__Bacteria;p__FCPU426,0.0,0.0,0.0,0.0,0.0,0.0,0.0,0.0,0.0,0.0,0.0,0.0,0.0,0.0,0.0,0.0,0.0,0.0,0.0,0.0,0.0,0.0,0.0,0.0,0.0,0.0,0.0,0.0,0.0,0.0,0.0,0.0,0.0,0.0,0.0,0.0,0.0,0.0,0.0,0.0,0.0,0.0,0.0,0.0,0.0,0.0,0.0,0.0,0.0,0.0,0.0,0.0,0.0,0.0,0.0,0.0,0.0,0.0,0.0,0.0,0.0,0.0,0.0,0.0,0.0,0.0,0.0,0.0,0.0,0.0,0.0,0.0,0.0,0.0,0.0,0.0,0.0,0.0,0.0,0.0,0.0,0.0,0.0,0.0,0.0,0.0,0.0,0.0,0.0,0.0,0.0,0.0,1.8013798569704394e-05,0.0,0.0,0.0,0.0,0.0,0.0,0.0,0.0,0.0,0.0,0.0,0.0,0.0,0.0,0.0,0.0,0.0,0.0,0.0,0.0,0.0,0.0,0.0,0.0,0.0,0.0,0.0,0.0,0.0,0.0,0.0,0.0,0.0,0.0,0.0,0.0,0.0,0.0,0.0,0.0,0.0,0.0,0.0,0.0,0.0,0.0,0.0,0.0,0.0,0.0,0.0,0.0,0.0,0.0,0.0,0.0,0.0,0.0,0.0,0.0,0.0,0.0,0.0,0.0,0.0,0.0,0.0,0.0,0.0,0.0,0.0,0.0,0.0,0.0,0.0,0.0,0.0,0.0,0.0,0.0,0.0,0.0,0.0,0.0,0.0,0.0,0.0,0.0,0.0,0.0,0.0,0.0,0.0,0.0,0.0,0.0,0.0,0.0,0.0,0.0,0.0,0.0,0.0,0.0
d__Bacteria;p__Firmicutes,0.6281591852131271,0.5463167370383866,0.1073966083517662,0.6479365698316761,0.5867415069144241,0.5745245272677446,0.5541507845049197,0.46854459063525333,0.10630837319795633,0.22210445172480248,0.22110798255509267,0.33616469476583466,0.70800415549274,0.7072500711519186,0.5427234916866978,0.5943440315621298,0.770123313542271,0.7408825307273826,0.7442270955056808,0.7488105865672425,0.7432356941610804,0.5979052358904278,0.3215876190977523,0.5402767469524284,0.5603340703605596,0.6868126625158043,0.6086416188599189,0.6566091730562856,0.48768115942028983,0.7845258881962853,0.4688370821371862,0.6350085676454552,0.5872169619660909,0.621236149656741,0.41035939579836794,0.15042096799534208,0.10617277877528265,0.4606432929101498,0.5393997687482733,0.7177352830896138,0.7025733470830414,0.6516668665307591,0.6846600908927356,0.559212028309579,0.7039950289472886,0.6713398194818896,0.6463544732195409,0.723219830042787,0.5856032920799681,0.47154242647377315,0.438674765988876,0.7165568180856734,0.6992452068617558,0.6875233425776562,0.655637539251628,0.6002422128566585,0.501229243494385,0.6448422401726842,0.7200198369649443,0.5827399011496529,0.8048652840619841,0.671931048226385,0.6239016419667036,0.4647349734699156,0.7295739974311403,0.8493214695975546,0.7237308038924745,0.7112952662050176,0.6405559800604009,0.6157071216907095,0.8636060362252006,0.793654746488694,0.7276177760823955,0.4627175680680117,0.7820006785327144,0.6133711501180518,0.5561743836629379,0.20316833880145183,0.4396519040355502,0.7779215278579955,0.8242974384481472,0.7664340425531915,0.5708317012664839,0.6705026246027984,0.2981012604650769,0.1939888364104766,0.637340923099235,0.6351381236718878,0.6016338532842593,0.6969399305847904,0.251397012104723,0.5969363670694864,0.505665339650172,0.5337630010811536,0.6030146198348469,0.7453712353752391,0.749962298295883,0.1563804502830474,0.24223889119195302,0.8048284163864262,0.7866413145867495,0.8363921177706178,0.7076585188579374,0.6921313520785888,0.7095355758527863,0.579654848555999,0.7049467257079713,0.6692423908595889,0.6092489889784968,0.8670434591747147,0.25883714575061484,0.623088696487253,0.6004604200323101,0.7429800464610955,0.7844381586082573,0.7381725828362176,0.6473822030823593,0.5650440125243693,0.02976112779010573,0.02508829239009254,0.24986994561362025,0.5761109236575931,0.5862179718802946,0.8082073468352825,0.6545699985790296,0.20691981268972226,0.5285839999365769,0.7649974611311265,0.5252526118954899,0.5880316344463972,0.5602915139786717,0.49151613731701055,0.5074644576124119,0.43625680687545143,0.5524278915366767,0.5499569627516835,0.5995710731749163,0.7518202890058853,0.727769242457497,0.7103575204605083,0.5842228924968089,0.677930507827415,0.7501634844387034,0.7252715683634079,0.5750189465706708,0.801208561084688,0.2820530479773414,0.20717581389345982,0.5020618196432004,0.7252152865822534,0.6970202962738077,0.7015315789960163,0.6662445324639165,0.689157331549908,0.7323682288036678,0.6828732069487494,0.6828409345747818,0.8860705328594691,0.707368304681886,0.6989977113092889,0.4153940409582759,0.5154178511505794,0.7516945756155361,0.8451881677934107,0.6225280455356186,0.6450257227737121,0.5459807355516637,0.6773420442139738,0.7816066940143412,0.37267101466197394,0.5749170548205075,0.5697790298779203,0.5308650017506861,0.495772508937027,0.2998656092381205,0.27003570263965415,0.6795548508810662,0.5679988957997256,0.5338630977275896,0.5301314813456256,0.5831509168092026,0.4894914681534043,0.4355177329474275,0.5271976941172692,0.5057413170891744,0.5254473564150657,0.7290303907380608,0.43331430406393834,0.28740254862262615,0.5204443522954201,0.7386938843249523,0.75838860519262,0.8507703802427253,0.5370052150978081,0.671325197105519,0.5191929643041904,0.345064843453253
d__Bacteria;p__Fusobacteriota,0.0028055450773293096,0.000857320444949311,8.378577652657684e-05,0.0003899395593682979,0.013738315641762668,0.0011181145519320362,2.2161155925893094e-05,9.876109690658298e-05,6.508509876663738e-05,5.255873438567599e-05,0.0,4.020868306510791e-05,0.00010871928680147858,9.899397374184847e-05,4.986983971833514e-05,0.0,0.0013331193759026328,7.423353871279043e-05,0.0,0.0,0.0001457301078402798,0.0,0.0,0.0,7.66216423301736e-05,0.00014313318542904174,0.00023851068904482745,6.998771326811515e-05,0.022056953979150775,0.0005880596744863524,0.0001367025247904771,0.00010709556819066905,0.0014528977923341172,0.00010433403584917472,0.00011574743908791018,9.241887932866925e-05,7.378803158127752e-05,0.0001490582711369952,0.0,0.0,0.0,2.2484710396930087e-05,0.0003285279600760308,0.000872443821140863,0.00018944560637749688,0.0,0.0,0.0,0.0,2.7071512106380212e-05,0.00030146360580618904,1.6921475891127225e-05,0.0,0.0,1.5468621900474885e-05,4.844257133168629e-05,0.0017396920640873389,0.0005059107236209717,0.00015497628862783995,0.00011703593003051937,9.515517430049052e-05,0.0002092467118373854,0.0001428293931464744,0.00391877170019829,5.3517910660767806e-05,2.433753236891805e-05,0.0,0.0,0.0,0.0,0.0,0.0,0.0,0.0,0.0,0.00026401345714307264,0.0009203757020814651,0.0,0.0,0.0,0.0,0.0,0.0,0.0,0.0,0.0,4.5321054349008375e-05,0.0,0.0,0.0,0.0,1.5735146022155086e-05,0.0,0.0,0.0,0.0,4.1890782352251214e-05,0.0,0.0,0.0,0.0,0.0,0.0,0.00013529053642697694,0.00012630947399998421,0.00013416965753194915,4.839451206233213e-05,0.0007711434956406786,0.0004693329995854225,1.567791295622727e-05,0.0,0.0,0.0,0.0,0.00024182556316044027,0.0001350017297096619,0.004456327985739751,0.0031827848998641226,0.0038361687624185992,0.0020971878971208493,0.08039725703475999,0.029488618083946046,0.002232232473361758,0.00010300782859497322,9.473135765824084e-05,0.00017256390747437034,0.00017441353449027645,0.00014507822134100635,6.862122797687465e-05,0.00011423550087873463,0.0,0.0,0.0,0.0,0.0,0.0009535704038750401,0.001578450716307798,8.616752690581027e-05,9.285678107747632e-05,6.265418804088186e-05,9.756018243754116e-05,0.0002625047728140512,0.0,0.0008438818565400844,0.0006347101174687381,0.0004791651877617662,0.00035296447111287114,0.00539637982770303,0.04479215809613671,0.000683318788796865,0.0009375753408756061,0.0007117174574124911,0.001320292080941988,0.006085938806219696,0.0014275037996792316,0.00543321559864485,0.0003239283370848111,0.0006180837027968287,5.52761041401802e-05,5.26135795648857e-05,0.0009640421295420349,0.0012518582270557859,9.583718134137204e-05,0.00017668337409449772,0.0,9.057314687341498e-05,0.00012259194395796848,0.0007334879912663755,0.000282906978009423,0.000400326933662491,0.0006054392663690597,0.00718679928706951,0.000187282691007988,0.0002474212731104267,0.020374303159012477,0.004933151614980058,0.0002207682735921005,2.587969392948646e-05,6.505878525953808e-05,0.00021193521303564588,0.0003279066263725551,0.0,0.0004924618774029115,0.0001926921502035311,0.0,5.9140602558253496e-05,6.753497346840328e-05,4.459985014450351e-05,0.0,0.0,0.0,7.826103969791239e-05,8.077381312978332e-05,7.992487062161568e-05,0.0004428123987471649,0.006940851871012244,0.0005968853437516957
d__Bacteria;p__Gemmatimonadota,0.0,0.0,0.0,0.0,0.0,0.0,0.0,0.0,0.0,0.0,0.0,0.0,0.0,0.0,0.0,0.0,0.0,0.0,0.0,0.0,0.0,0.0,0.0,0.0,0.0,0.0,0.0,0.0,0.0,0.0,0.0,0.0,0.0,0.0,0.0,0.0,0.0,0.0,0.0,0.0,0.0,0.0,0.0,0.0,0.0,0.0,0.0,0.0,0.0,0.0,0.0,0.0,0.0,0.0,0.0,0.0,0.0,0.0,0.0,4.501381924250745e-05,0.0,0.0,1.713952717757693e-05,0.0,1.7839303553589267e-05,0.0,0.0,0.0,0.0,0.0,0.0,0.0,0.0,0.0,1.6549578399490274e-05,0.0,0.0,0.0,0.0,0.0,0.0,0.0,0.0,3.5111743122487316e-05,0.0,3.4349506225848e-05,1.812842173960335e-05,0.0,0.0,2.806544862619629e-05,0.0,3.147029204431017e-05,0.0,0.0,1.6482339173575513e-05,0.0,1.6756312940900485e-05,0.0,1.564345438759787e-05,0.0,0.0,0.0,0.0,0.0,0.0,0.0,0.0,0.0,0.0,0.0,0.0,0.0,0.0,0.0,0.0,0.0,0.0,0.0,0.0,0.0,0.0,0.0,0.0,0.0,0.0,0.0,0.0,0.0,0.0,1.757469244288225e-05,0.0,0.0,0.0,0.0,0.0,0.0,0.0,0.0,0.0,0.0,4.065007601564215e-05,0.0,0.0,2.6932399676811204e-05,0.0,2.662028820898701e-05,2.582666861801496e-05,0.0,0.0,0.0,0.0,0.0,2.6944736345754856e-05,0.0,7.557373057125343e-05,0.0,3.3223419188185753e-05,0.0,0.0,2.630678978244285e-05,0.0,0.0,0.0,0.0,0.0,0.0,0.0,2.55867903930131e-05,2.1762075231494075e-05,0.0,3.2290094206349845e-05,0.0,0.0,5.119060822974345e-05,0.0,0.0,0.0,0.0,0.0,0.0,0.0,0.0,0.0,0.0,0.0,0.0,0.0,0.0,0.0,0.0,0.0,1.9565259924478096e-05,0.0,0.0,0.0003672102818878929,0.0,3.255738238645613e-05
d__Bacteria;p__Hydrogenedentes,0.0,0.0,0.0,0.0,0.0,0.0,0.0,0.0,0.0,0.0,0.0,0.0,0.0,0.0,0.0,0.0,0.0,0.0,0.0,0.0,0.0,0.0,0.0,0.0,0.0,0.0,0.0,0.0,0.0,0.0,0.0,0.0,0.0,0.0,0.0,0.0,0.0,0.0,0.0,0.0,0.0,0.0,0.0,0.0,0.0,0.0,0.0,0.0,0.0,0.0,0.0,0.0,0.0,0.0,0.0,0.0,0.0,0.0,0.0,0.0,0.0,0.0,0.0,0.0,0.0,0.0,0.0,0.0,0.0,0.0,0.0,0.0,0.0,0.0,0.0,0.0,0.0,0.0,0.0,0.0,0.0,0.0,0.0,0.0,0.0,0.0,0.0,0.0,0.0,0.0,0.0,0.0,0.0,0.0,0.0,0.0,0.0,0.0,0.0,1.9107306634056862e-05,0.0,0.0,0.0,0.0,0.0,0.0,0.0,0.0,0.0,0.0,0.0,0.0,0.0,0.0,0.0,0.0,0.0,0.0,0.0,0.0,0.0,0.0,0.0,0.0,0.0,0.0,0.0,0.0,0.0,0.0,0.0,0.0,0.0,0.0,0.0,0.0,0.0,0.0,0.0,0.0,0.0,0.0,0.0,0.0,0.0,0.0,0.0,0.0,0.0,0.0,0.0,0.0,0.0,0.0,0.0,0.0,0.0,0.0,0.0,0.0,0.0,0.0,0.0,0.0,0.0,0.0,0.0,0.0,0.0,0.0,0.0,0.0,0.0,0.0,0.0,0.0,0.0,0.0,0.0,0.0,0.0,0.0,0.0,0.0,0.0,0.0,0.0,0.0,0.0,0.0,0.0,0.0,0.0,0.0,0.0,0.0,0.0
d__Bacteria;p__MBNT15,0.0,0.0,0.0,0.0,0.0,0.0,0.0,0.0,0.0,0.0,0.0,0.0,0.0,0.0,0.0,0.0,0.0,0.0,0.0,0.0,0.0,0.0,0.0,0.0,0.0,0.0,0.0,0.0,0.0,0.0,0.0,0.0,0.0,0.0,0.0,0.0,0.0,0.0,0.0,0.0,0.0,0.0,0.0,0.0,0.0,0.0,0.0,0.0,0.0,0.0,0.0,0.0,0.0,0.0,0.0,0.0,0.0,0.0,0.0,0.0,0.0,0.0,0.0,0.0,2.6758955330383903e-05,0.0,0.0,0.0,0.0,0.0,0.0,0.0,0.0,0.0,0.0,0.0,0.0,0.0,0.0,0.0,0.0,0.0,0.0,0.0,0.0,0.0,0.0,0.0,0.0,0.0,0.0,0.0,0.0,0.0,0.0,0.0,0.0,0.0,0.0,0.0,0.0,0.0,0.0,0.0,0.0,0.0,0.0,0.0,0.0,0.0,0.0,0.0,0.0,0.0,0.0,0.0,0.0,0.0,0.0,0.0,0.0,0.0,0.0,0.0,0.0,0.0,0.0,0.0,0.0,0.0,0.0,0.0,0.0,0.0,0.0,0.0,0.0,0.0,0.0,0.0,0.0,0.0,0.0,0.0,0.0,2.662028820898701e-05,0.0,0.0,0.0,0.0,0.0,0.0,0.0,0.0,0.0,0.0,0.0,0.0,0.0,0.0,0.0,0.0,0.0,0.0,0.0,0.0,0.0,0.0,0.0,0.0,0.0,0.0,0.0,0.0,0.0,0.0,0.0,0.0,0.0,0.0,0.0,0.0,0.0,0.0,0.0,0.0,0.0,0.0,0.0,0.0,0.0,0.0,0.0,0.0,0.0,0.0,0.0
d__Bacteria;p__Myxococcota,0.0,0.0,1.675715530531537e-05,0.0,0.0,0.0,0.0,0.0,0.0,0.0,0.0,0.0,0.0,0.0,0.0,0.0,0.0,0.0,0.0,0.0,0.0,0.0,0.0,0.0,0.0,0.0,0.0,0.0,0.0,0.0,0.0,0.0,0.0,0.0,0.0,0.0,0.0,0.0,0.0,0.0,1.574394055088048e-05,0.0,0.0,0.0,0.0,0.0,0.0,0.0,0.0,0.0,0.0,0.0,0.0,0.0,0.0,0.0,0.0,0.0,0.0,3.601105539400596e-05,0.0,0.0,0.0,0.0,4.459825888397317e-05,0.0,0.0,0.0,0.0,0.0,0.0,0.0,0.0,0.0,3.309915679898055e-05,0.0,0.0,0.0,0.0,0.0,0.0,0.0,0.0,0.0,0.0,3.4349506225848e-05,1.812842173960335e-05,0.0,0.0,0.0,0.0,0.0,0.0,0.0,0.0,1.7794385871257618e-05,4.1890782352251214e-05,0.0,1.564345438759787e-05,1.9107306634056862e-05,1.7444091686145903e-05,0.0,0.0,0.0,0.0,0.0,0.0,0.0,0.0,0.0,0.0,0.0,0.0,0.0,0.0,0.0,0.0,0.0,0.0,0.0,0.0,0.0,0.0,0.0,0.0,0.0,0.0,0.0,0.0,0.0,0.0,0.0,0.0,0.0,0.0,0.0,0.0,0.0,0.0,0.0,0.0,0.0,0.0,0.0,0.0,2.662028820898701e-05,0.0,0.0,1.7473047823731893e-05,1.646551298305699e-05,0.0,0.0,0.0,0.0,0.0,0.0,0.0,0.0,0.0,0.0,0.0,0.0,0.0,0.0,0.0,0.0,0.0,0.0,0.0,0.0,0.0,0.0,1.6285451391998958e-05,0.0,0.0,0.0,0.0,0.0,1.8588224359868024e-05,0.0,0.0,0.0,0.0,0.0,0.0,0.0,0.0,0.0,0.0,0.0,0.0,0.0,0.0,0.0,0.0,0.0,0.0
d__Bacteria;p__NB1-j,0.0,0.0,0.0,0.0,0.0,0.0,0.0,0.0,0.0,0.0,0.0,0.0,0.0,0.0,0.0,0.0,0.0,0.0,0.0,0.0,0.0,0.0,0.0,0.0,0.0,0.0,0.0,0.0,0.0,0.0,0.0,0.0,0.0,0.0,0.0,0.0,0.0,0.0,0.0,0.0,0.0,0.0,0.0,0.0,0.0,0.0,0.0,0.0,0.0,0.0,0.0,0.0,0.0,0.0,0.0,0.0,0.0,0.0,0.0,1.800552769700298e-05,0.0,0.0,0.0,0.0,0.0,0.0,0.0,0.0,0.0,0.0,0.0,0.0,0.0,0.0,0.0,0.0,0.0,0.0,0.0,0.0,0.0,0.0,0.0,0.0,0.0,0.0,0.0,0.0,0.0,0.0,0.0,0.0,0.0,0.0,0.0,0.0,0.0,0.0,0.0,0.0,0.0,0.0,0.0,0.0,0.0,0.0,0.0,0.0,0.0,0.0,0.0,0.0,0.0,0.0,0.0,0.0,0.0,0.0,0.0,0.0,0.0,0.0,0.0,0.0,0.0,0.0,0.0,0.0,0.0,0.0,0.0,0.0,0.0,0.0,0.0,0.0,0.0,0.0,0.0,0.0,0.0,0.0,0.0,0.0,0.0,0.0,0.0,0.0,0.0,0.0,0.0,0.0,0.0,0.0,0.0,0.0,0.0,0.0,0.0,0.0,0.0,0.0,0.0,0.0,0.0,0.0,0.0,0.0,0.0,0.0,0.0,0.0,0.0,0.0,0.0,0.0,0.0,0.0,0.0,0.0,0.0,0.0,0.0,0.0,0.0,0.0,0.0,0.0,0.0,0.0,0.0,0.0,0.0,0.0,0.0,0.0,0.0
d__Bacteria;p__Patescibacteria,0.0,0.0,0.0,2.5995970624553195e-05,0.0,0.0,0.0,0.0,0.0,0.0,0.0,0.0,0.0,0.0,0.0,0.0,0.0,0.0,0.0,0.0,0.0,0.0,0.0,0.0,0.0,0.0,0.0,0.0,0.0,0.0,0.0,0.0,0.0,0.0,5.787371954395509e-05,0.0,0.0,0.0,2.046475457643074e-05,0.0,0.0,0.0,0.0,0.0,0.0,0.0,0.0,0.0,0.0,0.0,0.0,0.0,0.0,0.0,0.0,0.0,0.0,0.0,0.0,0.0,0.0,0.0,0.0,0.0,0.0,0.0,0.0,0.0,0.0,0.0,0.0,0.0,0.0,4.830373387862882e-05,0.0,0.0,0.0,0.0,2.6451061128402268e-05,0.0,0.0,0.0,0.0,0.0,0.0,1.7174753112924e-05,0.0,0.0,0.0,0.0,0.0,1.5735146022155086e-05,0.0,0.0,0.0,0.0,0.0,1.7285337712285553e-05,0.0,0.0,0.0,0.0,0.0,0.0,0.0,0.0,0.0,0.0,0.0,0.0,0.0,0.0,0.0,0.0,0.0,0.0,0.0,0.0,0.0,0.0,0.0,0.0,0.0,0.0,0.0,0.0,0.0,0.0,0.0,0.0,0.0,0.0,0.0,0.0,0.0,0.0,0.0,0.0,0.0,0.0,0.0,0.0,0.0,0.0,0.0,0.0,0.0,0.0,0.0,0.0,0.0,0.0,0.0,0.0,0.0,0.0,0.0,0.0,0.0,0.0,0.0,1.738691982021925e-05,0.0,0.0,0.0,0.0,0.0,0.0,0.0,0.0,0.0,0.0,0.0,0.0,0.0,0.0,0.0,0.0,0.0,0.0,0.0,0.0,0.0,0.0,0.0,0.0,0.0,0.0,0.0,0.0,0.0,0.0,0.0,0.0,0.0,0.0,0.0
d__Bacteria;p__Planctomycetota,0.0,0.0,1.675715530531537e-05,0.0,0.0,0.0,0.0,0.0,0.0,0.0,0.0,0.0,0.0,0.0,0.0,0.0,0.0,0.0,0.0,0.0,0.0,0.0,0.0,0.0,0.0,0.0,0.0,0.0,0.0,0.0,0.0,0.0,0.0,0.0,0.0,0.0,0.0,0.0,0.0,0.0,0.0,0.0,0.0,0.0,0.0,0.0,0.0,0.0,0.0,0.0,0.0,0.0,0.0,0.0,0.0,0.0,0.0,0.0,0.0,3.601105539400596e-05,0.0,0.0,0.0,0.0,4.459825888397317e-05,0.0,0.0,0.0,0.0,0.0,0.0,0.0,0.0,1.6101244626209606e-05,0.0,0.0,0.0,0.0,0.0,0.0,0.0,0.0,0.0,0.0,0.0,0.0,0.0,0.0,0.0,0.0,0.0,0.0,0.0,2.5143106179337396e-05,0.0,0.0,0.0,1.7285337712285553e-05,1.564345438759787e-05,0.0,1.7444091686145903e-05,0.0,0.0,0.0,0.0,0.0,0.0,0.0,0.0,0.0,0.0,0.0,0.0,0.0,0.0,0.0,0.0,0.0,0.0,0.0,0.0,0.0,0.0,0.0,0.0,0.0,0.0,0.0,0.0,0.0,0.0,0.0,0.0,0.0,0.0,0.0,0.0,0.0,0.0,0.0,1.6260030406256858e-05,0.0,0.0,0.0,0.0,0.0,0.0,1.613267512018843e-05,0.0,0.0,0.0,0.0,0.0,0.0,0.0,0.0,0.0,0.0,0.0,0.0,0.0,2.6080379730328874e-05,0.0,0.0,0.0,0.0,0.0,1.7057860262008733e-05,0.0,0.0,0.0,0.0,0.0,0.0,0.0,0.0,0.0,0.0,0.0,0.0,0.0,0.0,0.0,0.0,0.0,0.0,0.0,0.0,0.0,0.0,0.0,0.0,0.0,0.0,0.00014040393131007668,0.0,0.0
d__Bacteria;p__Proteobacteria,0.0642092606563561,0.029352508733952034,0.8462614786513841,0.0604276337167739,0.028913835638141365,0.018284461496300357,0.032621221522914634,0.019115758979029725,0.8556575222102899,0.37363128295870635,0.17299237007363455,0.05038147988058021,0.030127322364765285,0.008327868041033002,0.15544429040205066,0.07304720190416154,0.011072297038746869,0.010116970847428868,0.006658250756873304,0.009882896602426089,0.04504274749829981,0.020580496461133663,0.03821656050955414,0.03241253799932897,0.08270758992097024,0.024320713757484673,0.06291660913119343,0.28481111093830197,0.1481820493262141,0.05848027285968896,0.014637685731411085,0.010621933172365448,0.07873967272861593,0.03741418525551406,0.23036055327275884,0.788878312061588,0.8320830361315394,0.01600247010849313,0.03324499380941174,0.02918206652739836,0.007596451315799831,0.008656613502818085,0.024647419099989833,0.026540230259939335,0.01891424934072929,0.02957840034384402,0.012369408475573867,0.015175358756028887,0.05966127199582348,0.10634231385628276,0.0676182867823282,0.0060240454172412914,0.005570131180625631,0.009408548747248556,0.011384905718749517,0.0460010657365693,0.1324353605433673,0.0244523516416803,0.03686369318827553,0.029294993563023848,0.00893507086681606,0.012046632124352332,0.013957288298273479,0.0453715387448958,0.01988190381047524,0.011214734915597437,0.010723421299372798,0.027668672191319483,0.024087617800094604,0.04922009834250545,0.0063776761710394635,0.010469170236079291,0.008067900057219149,0.10730674481137392,0.012925220730001904,0.045417857870241156,0.3146976919809317,0.7441079042049039,0.29489406350018077,0.03243617881483193,0.012541301026752407,0.010331914893617022,0.011163337250293772,0.009348501606362247,0.25630867426839693,0.2712752254186346,0.04073456364888873,0.025586292439495773,0.018724075480516446,0.03092812438606831,0.28020885941903845,0.07782603222557906,0.04419685479076973,0.051350603853600074,0.01443852911605215,0.010872369767338404,0.025787965616045846,0.7183267793094508,0.5446894383217702,0.016174335065729135,0.03930153856888672,0.01734695693967282,0.011471187726145143,0.027185881680909754,0.050823774600743644,0.05199912789722604,0.010259636557214413,0.005767838594945076,0.011279636423369654,0.007008027091433588,0.6677570769502805,0.09217772309169756,0.07041195476575121,0.006156536793477781,0.026952558221336343,0.0112304563902225,0.0051504109286514286,0.18488952560997224,0.3584243426300599,0.3702277280984197,0.040395680617955385,0.019577994177606542,0.025742939962582003,0.006822287724636303,0.017438464088921166,0.1413298402215093,0.09499988108168103,0.002885444624448904,0.043480125576847196,0.026414762741652022,0.009107753118952526,0.18033558770653196,0.24334205978982343,0.16790157521850982,0.019223277949968667,0.03421883174967511,0.028017500214463413,0.021921018844838134,0.03163883777076193,0.0331440654736265,0.10935683449728051,0.010237686139747995,0.0292657328543172,0.02859323099021456,0.037589996210685865,0.02087917938524881,0.6359386702709218,0.4778095053721808,0.05628942356415229,0.024245467867551412,0.018055022278575958,0.03617743023782455,0.04460252023100621,0.018073900685504095,0.01496359865310818,0.025318964895840842,0.015531948470476838,0.004088861418502098,0.022672415381497245,0.04397618358631696,0.2311358578623492,0.11739648262612037,0.024316506647615397,0.026865171987315993,0.047065818071948616,0.03445402507064706,0.17933450087565675,0.02985978438864629,0.052642459984984166,0.19414188253740555,0.03784399040984202,0.029446712278886143,0.02904510255763014,0.06685493434804494,0.12257764799575259,0.1487387018286106,0.03545337775458596,0.010886724579670638,0.013021051164087551,0.04315326991579651,0.03373893315135992,0.07901672579827673,0.14487018877705302,0.034724731234594665,0.013309215368109311,0.007341883374731755,0.006975397973950796,0.1597388232775538,0.2206454922725982,0.015244601097785877,0.022689284825207157,0.00904893271507112,0.005502716019466489,0.017903171019241913,0.041321957014796414,0.050732884980168994,0.008996689999457377
d__Bacteria;p__RCP2-54,0.0,0.0,0.0,0.0,0.0,0.0,0.0,0.0,0.0,0.0,0.0,0.0,0.0,0.0,0.0,0.0,0.0,0.0,0.0,0.0,0.0,0.0,0.0,0.0,0.0,0.0,0.0,0.0,0.0,0.0,0.0,0.0,0.0,0.0,0.0,0.0,0.0,0.0,0.0,0.0,0.0,0.0,0.0,0.0,0.0,0.0,0.0,0.0,0.0,0.0,0.0,0.0,0.0,0.0,0.0,0.0,0.0,0.0,0.0,0.0,0.0,0.0,0.0,0.0,8.02768659911517e-05,0.0,0.0,0.0,0.0,0.0,0.0,0.0,1.907304978065993e-05,0.0,6.61983135979611e-05,0.0,0.0,0.0,0.0,0.0,0.0,0.0,0.0,0.0,0.0,0.0,0.0,0.0,0.0,1.871029908413086e-05,0.0,6.294058408862034e-05,0.0,0.0,0.0,0.0,0.0,0.0,0.0,0.0,0.0,0.0,0.0,0.0,0.0,0.0,0.0,0.0,0.0,0.0,0.0,0.0,0.0,0.0,0.0,0.0,0.0,0.0,0.0,0.0,0.0,0.0,0.0,0.0,0.0,0.0,0.0,0.0,0.0,0.0,0.0,0.0,0.0,0.0,0.0,0.0,0.0,0.0,0.0,0.0,0.0,0.0,0.0,0.0,0.0,0.0,0.0,0.0,0.0,0.0,0.0,0.0,0.0,0.0,0.0,0.0,0.0,0.0,0.0,0.0,0.0,0.0,0.0,0.0,0.0,0.0,0.0,0.0,0.0,0.0,0.0,0.0,0.0,0.0,0.0,0.0,0.0,0.0,0.0,0.0,0.0,0.0,0.0,0.0,0.0,0.0,0.0,0.0,0.0,0.0,0.0,0.0,0.0,0.0,0.0,0.0,0.0
d__Bacteria;p__SAR324_clade(Marine_group_B),0.0,0.0,0.0,0.0,0.0,0.0,0.0,0.0,0.0,0.0,0.0,0.0,0.0,0.0,0.0,0.0,0.0,0.0,0.0,0.0,0.0,0.0,0.0,0.0,0.0,0.0,0.0,0.0,0.0,0.0,0.0,0.0,0.0,0.0,0.0,0.0,0.0,0.0,0.0,0.0,0.0,0.0,0.0,0.0,0.0,0.0,0.0,0.0,0.0,0.0,0.0,0.0,0.0,0.0,0.0,0.0,0.0,0.0,0.0,1.800552769700298e-05,0.0,0.0,0.0,0.0,0.0,0.0,0.0,0.0,0.0,0.0,0.0,0.0,1.907304978065993e-05,0.0,0.0,0.0,0.0,0.0,0.0,0.0,0.0,0.0,0.0,0.0,0.0,0.0,0.0,0.0,0.0,0.0,0.0,0.0,0.0,0.0,0.0,0.0,0.0,0.0,0.0,0.0,0.0,1.7800879363440554e-05,0.0,0.0,0.0,0.0,0.0,0.0,0.0,0.0,0.0,0.0,0.0,0.0,0.0,0.0,0.0,0.0,0.0,0.0,0.0,0.0,0.0,0.0,0.0,0.0,0.0,0.0,0.0,0.0,0.0,0.0,0.0,0.0,0.0,0.0,0.0,0.0,0.0,0.0,0.0,0.0,0.0,0.0,0.0,0.0,0.0,0.0,0.0,0.0,0.0,0.0,0.0,0.0,0.0,0.0,0.0,0.0,0.0,0.0,0.0,0.0,0.0,0.0,0.0,0.0,0.0,0.0,0.0,0.0,0.0,0.0,0.0,0.0,0.0,0.0,0.0,0.0,0.0,0.0,0.0,0.0,0.0,0.0,0.0,0.0,0.0,0.0,0.0,0.0,0.0,0.0,0.0,0.0,0.0,0.0,0.0
d__Bacteria;p__Spirochaetota,0.0,0.0,0.0,0.0,0.0,0.0,0.0,0.0,0.0,0.0,0.0,0.0,0.0,0.0,0.0,0.0,0.0,0.0,0.0,0.0,0.0,0.0,0.0,0.0,0.0,0.0,0.0,0.0,0.0,0.0,0.0,0.0,0.0,0.0,0.0,0.0,0.0,0.0,0.0,0.0,0.0,0.0,0.0,0.0,0.0,0.0,0.0,0.0,0.0,0.0,0.0,0.0,0.0,0.0,0.0,0.0,0.0,0.0,0.0,0.0,0.0,0.0,0.0,0.0,2.6758955330383903e-05,0.0,0.0,0.0,0.0,0.0,0.0,0.0,0.0,0.0,0.0,0.0,0.0,0.0,0.0,0.0,0.0,1.7021276595744682e-05,0.0,0.0,0.0,0.0,0.0,0.0,0.0,0.0,0.0,0.0,0.0,0.0,0.0,0.0,0.0,1.7285337712285553e-05,0.0,0.0,0.0,0.0,0.0,0.0,0.0,0.0,0.0,0.0,0.0,0.0,0.0,0.0,0.0,0.0,0.0,0.0,0.0,0.0,0.0,0.0,0.0,0.0,0.0,0.0,0.0,0.0,0.0,0.0,0.0,0.0,0.0,0.0,0.0,0.0,0.0,0.0,0.0,0.0,0.0,0.0,0.0,0.0,0.0,0.0,0.0,0.00010648115283594804,0.0,0.0,0.0,0.0,0.0,0.0,0.0,0.0,0.0,0.0,0.0,0.0,0.0,0.0,0.0,0.0,0.0,0.0,0.0,0.0,0.0,0.0,0.0,0.0,0.0,0.0,0.0,0.0,0.0,0.0,0.0,0.0,0.0,0.0,0.0,0.0,0.0,0.0,0.0,0.0,0.0,0.0,0.0,0.0,0.0,0.0,0.0,0.0,0.0,0.0,0.0
d__Bacteria;p__Sumerlaeota,0.0,0.0,0.0,0.0,0.0,0.0,0.0,0.0,0.0,0.0,0.0,0.0,0.0,0.0,0.0,0.0,0.0,0.0,0.0,0.0,0.0,0.0,0.0,0.0,0.0,0.0,0.0,0.0,0.0,0.0,0.0,0.0,0.0,0.0,0.0,0.0,0.0,0.0,0.0,0.0,0.0,0.0,0.0,0.0,0.0,0.0,0.0,0.0,0.0,0.0,0.0,0.0,0.0,0.0,0.0,0.0,0.0,0.0,0.0,0.0,0.0,0.0,0.0,0.0,0.0,0.0,0.0,0.0,0.0,0.0,0.0,0.0,0.0,0.0,0.0,0.0,0.0,0.0,0.0,0.0,0.0,0.0,0.0,0.0,0.0,1.7174753112924e-05,0.0,0.0,0.0,0.0,0.0,0.0,0.0,0.0,0.0,0.0,0.0,0.0,0.0,0.0,0.0,0.0,0.0,0.0,0.0,0.0,0.0,0.0,0.0,0.0,0.0,0.0,0.0,0.0,0.0,0.0,0.0,0.0,0.0,0.0,0.0,0.0,0.0,0.0,0.0,0.0,0.0,0.0,0.0,0.0,0.0,0.0,0.0,0.0,0.0,0.0,0.0,0.0,0.0,0.0,0.0,0.0,0.0,0.0,0.0,0.0,0.0,0.0,0.0,0.0,0.0,0.0,0.0,0.0,0.0,0.0,0.0,0.0,0.0,0.0,0.0,0.0,0.0,0.0,0.0,0.0,0.0,0.0,0.0,0.0,0.0,0.0,0.0,0.0,0.0,0.0,0.0,0.0,0.0,0.0,0.0,0.0,0.0,0.0,0.0,0.0,0.0,0.0,0.0,0.0,0.0,0.0,0.0,0.0,0.0,0.0,0.0
d__Bacteria;p__Sva0485,0.0,0.0,0.0,0.0,0.0,0.0,0.0,0.0,0.0,0.0,0.0,0.0,0.0,0.0,0.0,0.0,0.0,0.0,0.0,0.0,0.0,0.0,0.0,0.0,0.0,0.0,0.0,0.0,0.0,0.0,0.0,0.0,0.0,0.0,0.0,0.0,0.0,0.0,0.0,0.0,0.0,0.0,0.0,0.0,0.0,0.0,0.0,0.0,0.0,0.0,0.0,0.0,0.0,0.0,0.0,0.0,0.0,0.0,0.0,0.0,0.0,0.0,0.0,0.0,0.0,0.0,0.0,0.0,0.0,0.0,0.0,0.0,0.0,0.0,2.482436759923541e-05,0.0,0.0,0.0,0.0,0.0,0.0,0.0,0.0,0.0,0.0,0.0,0.0,0.0,0.0,0.0,0.0,0.0,0.0,0.0,0.0,0.0,0.0,0.0,0.0,0.0,0.0,0.0,0.0,0.0,0.0,0.0,0.0,0.0,0.0,0.0,0.0,0.0,0.0,0.0,0.0,0.0,0.0,0.0,0.0,0.0,0.0,0.0,0.0,0.0,0.0,0.0,0.0,0.0,0.0,0.0,0.0,0.0,0.0,0.0,0.0,0.0,0.0,0.0,0.0,0.0,0.0,0.0,0.0,0.0,0.0,0.0,0.0,0.0,0.0,0.0,0.0,0.0,0.0,0.0,0.0,0.0,0.0,0.0,0.0,0.0,0.0,0.0,0.0,0.0,0.0,0.0,0.0,0.0,0.0,0.0,0.0,0.0,0.0,0.0,0.0,0.0,0.0,0.0,0.0,0.0,0.0,0.0,0.0,0.0,0.0,0.0,0.0,0.0,0.0,0.0,0.0,0.0,0.0,0.0,0.0,0.0,0.0
d__Bacteria;p__Synergistota,0.0,0.0,0.0,0.0,0.0,0.0,0.0,0.0,0.0,0.0,0.0,0.0,0.0,0.0,0.0,0.0,2.4687395850048757e-05,0.0,0.0,0.0,0.0,0.0,0.0,0.0,0.0,0.0,0.0,0.0,0.0,0.0,0.0,0.0,0.0,0.0,0.0,0.0,0.0,0.0,0.0,0.0,0.0,1.4989806931286725e-05,9.386513145029451e-05,0.00011415152799973908,2.2733472765299626e-05,0.0,0.0,2.551910104713378e-05,0.0,0.0,0.0,1.6921475891127225e-05,2.4217961654894048e-05,1.5892818829811748e-05,0.0,0.0,0.0,0.0,2.066350515037866e-05,0.0,4.281982843522074e-05,0.0,5.1418581532730785e-05,0.00010188806420515554,0.0,3.894005179026888e-05,5.461844464875789e-05,0.00010595224580921027,2.910890368591493e-05,8.955029470187893e-05,0.0,0.0,0.0001049017737936296,0.0,3.309915679898055e-05,3.771620816329609e-05,2.3599376976447822e-05,0.0,0.0,0.0,0.0,0.00011914893617021277,0.00016786973308712439,0.0,5.0791070929730556e-05,3.4349506225848e-05,9.064210869801675e-05,7.692233728521841e-05,5.84214523573056e-05,0.0009074495055803467,7.331258858604455e-05,1.5735146022155086e-05,5.404139570911318e-05,0.00048610005280052296,0.0014669281864482207,3.5588771742515236e-05,0.0,0.0,0.0,3.8214613268113725e-05,0.0,7.120351745376221e-05,0.0,0.0,0.0,0.0,0.0,0.0,0.0,0.0,0.0,0.0,0.0,0.0,0.0,0.0,0.0,0.0,0.0,0.0,0.0,0.0,0.0,0.0,0.0,0.0,0.0,0.0,0.0,0.0,0.0,0.0,0.0,0.0,0.0,0.0,0.0,0.0,0.0,0.0,0.0,0.0,0.0,0.0,0.0,0.0001774685880599134,0.0,0.0,0.0,1.646551298305699e-05,0.0,0.0,0.0,1.6719612104999164e-05,0.0,0.0,0.0,0.0,0.0,0.0,0.0,0.0,0.0,0.0,0.0,0.0,1.7513134851138353e-05,0.0,0.0,0.0,0.0,0.0,2.4428177087998437e-05,0.0,0.0,0.0,0.0,0.0,0.0,0.0,0.0,0.0,0.0,0.0,0.0,0.0,0.0,0.0,0.0,0.0,0.0,0.0,0.0,0.0,0.0,0.0,0.0
d__Bacteria;p__Verrucomicrobiota,0.0,0.0,0.0,0.0,0.0,0.0,0.0,0.0,0.0,0.0,0.0,0.0,0.0,0.0,0.0,0.0,0.0,0.0,0.0,0.0,0.0,0.0,0.0,0.0,0.0,0.0,0.0,0.0,0.0,0.0,0.0,0.0,0.0,2.0866807169834945e-05,0.0,0.0,0.0,0.0,0.0,0.0,6.297576220352192e-05,1.4989806931286725e-05,0.00019555235718811355,0.0,0.0,0.0,0.0,0.0,0.0,0.0,0.0,0.0,0.0,0.00018276741654283513,0.0001082803533033242,0.0025480792520466986,0.00012500781298831177,0.0001939324440547058,0.0005579146390602238,0.0001800552769700298,0.0004281982843522074,7.971303308090873e-05,9.141081161374361e-05,2.351263020118974e-05,4.459825888397317e-05,8.761511652810498e-05,0.0,6.811215802020661e-05,0.0,0.0002442280764596698,0.0,0.0,0.00046728971962616824,0.0024232373162445457,0.00028134283279133466,3.0172966530636876e-05,7.866458992149274e-05,3.962404704166865e-05,0.0,0.0,4.440970618538388e-05,0.0,0.0,0.0,1.693035697657685e-05,0.0,0.0,0.0,0.0,0.00013097209358891603,0.00013033349081963475,0.0,0.0,0.0,0.0,0.0,1.6756312940900485e-05,4.3213344280713883e-05,0.0,0.0,1.7444091686145903e-05,7.120351745376221e-05,0.0,0.0,0.0,0.0,0.0,0.0,0.0,0.0,0.0,0.0,0.0,0.0,0.0,0.0,0.0,0.0,0.0,0.0,0.0,0.0,1.605922642706301e-05,0.0,0.0,0.0,0.0,0.0,5.1465920982655986e-05,0.0,0.0,0.0,0.0,0.0,0.0,0.0,5.147121901003689e-05,6.0317268834067196e-05,0.00010973983218247202,0.0,0.0,1.5909380170548555e-05,0.0,0.00013466199838405601,8.525956801818871e-05,0.0004702917583587705,5.165333723602992e-05,5.64643629206595e-05,8.736523911865947e-05,0.003235473301170698,0.0018751506817512122,0.00013864625793749826,7.185263025534629e-05,0.00017555592710249122,0.00010076497409500458,0.0,9.967025756455726e-05,0.0009033531040876728,0.0006817386177288892,0.00020168538833206185,0.0003423701020803489,0.00029557763694372725,0.00013939953649654116,0.00013948687428512978,9.746493698891823e-05,8.151583218607348e-05,0.0,1.7057860262008733e-05,8.70483009259763e-05,1.6680288902603795e-05,0.0,0.0,0.0,0.0,0.0,0.0,0.0,0.0,1.8588224359868024e-05,5.7059480432673886e-05,0.0,0.0,0.0,7.225955632632416e-05,4.433449489709964e-05,0.0,0.0,3.567988011560281e-05,0.0,0.0,0.0,0.0,0.0,0.0,0.0,0.0,0.0
d__Bacteria;p__Zixibacteria,0.0,0.0,0.0,0.0,0.0,0.0,0.0,0.0,0.0,0.0,0.0,0.0,0.0,0.0,0.0,0.0,0.0,0.0,0.0,0.0,0.0,0.0,0.0,0.0,0.0,0.0,0.0,0.0,0.0,0.0,0.0,0.0,0.0,0.0,0.0,0.0,0.0,0.0,0.0,0.0,0.0,0.0,0.0,0.0,0.0,0.0,0.0,0.0,0.0,0.0,0.0,0.0,0.0,0.0,0.0,0.0,0.0,0.0,0.0,0.00011703593003051937,0.0,0.0,0.0,0.0,0.00020515199086627658,0.0,0.0,0.0,0.0,0.0,0.0,0.0,5.7219149341979784e-05,7.245560081794323e-05,0.0001572209947951576,0.0,0.0,0.0,0.0,0.0,0.0,2.5531914893617022e-05,0.0,1.7555871561243658e-05,0.0,9.446114212108201e-05,0.0001450273739168268,0.0,0.0,0.0,0.0,6.294058408862034e-05,0.0,0.0,0.0,0.0,0.0,9.506935741757055e-05,7.039554474419041e-05,0.0,2.6166137529218855e-05,0.0,0.0,0.0,0.0,0.0,0.0,0.0,0.0,0.0,0.0,0.0,0.0,0.0,0.0,0.0,0.0,0.0,0.0,0.0,0.0,0.0,0.0,0.0,0.0,0.0,0.0,0.0,0.0,0.0,0.0,0.0,0.0,0.0,0.0,0.0,0.0,0.0,0.0,0.0,0.0,0.0,0.0,0.0,0.0,0.0,0.0,0.0,0.0,0.0,0.0,0.0,0.0,0.0,0.0,0.0,0.0,0.0,0.0,0.0,0.0,0.0,0.0,0.0,0.0,0.0,0.0,0.0,0.0,0.0,0.0,0.0,0.0,0.0,0.0,0.0,0.0,0.0,0.0,0.0,0.0,0.0,0.0,0.0,0.0,0.0,0.0,0.0,0.0,0.0,0.0,0.0,0.0,0.0,0.0,0.0,0.0
d__Bacteria;p__uncultured,0.0,0.0,0.0,0.0,0.0,0.0,0.0,0.0,0.0,0.0,0.0,0.0,0.0,0.0,0.0,0.0,0.0,0.0,0.0,0.0,0.0,0.0,0.0,0.0,0.0,0.0,0.0,0.0,0.0,0.0,0.0,0.0,0.0,0.0,0.0,0.0,0.0,0.0,0.0,0.0,0.0,0.0,0.0,0.0,0.0,0.0,0.0,0.0,0.0,0.0,0.0,0.0,0.0,0.0,0.0,0.0,0.0,0.0,0.0,0.0,0.0,0.0,0.0,0.0,0.0,0.0,0.0,0.0,0.0,0.0,0.0,0.0,0.0,0.0,0.0,0.0,0.0,0.0,0.0,0.0,0.0,0.0,0.0,0.0,0.0,0.0,0.0,0.0,0.0,0.0,0.0,0.0,0.0,0.0,0.0,0.0,0.0,1.7285337712285553e-05,0.0,0.0,0.0,0.0,0.0,0.0,0.0,0.0,0.0,0.0,0.0,0.0,0.0,0.0,0.0,0.0,0.0,0.0,0.0,0.0,0.0,0.0,0.0,0.0,0.0,0.0,0.0,0.0,0.0,0.0,0.0,0.0,0.0,0.0,0.0,0.0,0.0,0.0,0.0,0.0,0.0,0.0,0.0,0.0,0.0,0.0,0.0,0.0,0.0,0.0,0.0,0.0,0.0,0.0,0.0,0.0,0.0,0.0,0.0,0.0,0.0,0.0,0.0,0.0,0.0,0.0,0.0,0.0,0.0,0.0,0.0,0.0,0.0,0.0,0.0,0.0,0.0,0.0,0.0,0.0,0.0,0.0,0.0,0.0,0.0,0.0,0.0,0.0,0.0,0.0,0.0,0.0,0.0,0.0,0.0,0.0,0.0,0.0,0.0
